model,mae,rmse,r2
LightGBM,14.391989940150955,20.63226347497278,0.9070621253876804
SVM,17.40973210222984,26.362914023201732,0.8482649847198593
LSTM,55.834218058441564,67.73617884653494,-0.0006512004593761667
