model,mae,rmse,r2
LightGBM,16.705945777007535,23.734778819029227,0.8770101238848215
SVM,18.36718867842253,28.596825742186407,0.8214603643808744
LSTM,55.83781734675325,67.73258090070426,-0.0005449000079011945
